k,s
-5,0.3579982074303958
-4,0.2753683623723463
-3,0.15807003202715184
-2,0.3115483106942134
-1,0.31661559145455626
1,0.7736620669723631
2,0.5894675163396961
3,0.7376334709851133
4,0.6397156962828429
5,0.533711191234229
6,0.6332605028038556
7,0.6713224093389921
8,0.533591016215033
9,0.9636843160894074
10,0.7455720266299671
11,1.0751106504645245
12,0.9491444331287002
13,1.21511576011922
14,1.2308079612078586
15,1.1006114276642966
16,0.8402810722070609
17,1.1284876890154831
18,0.9624184784446537
19,0.7723251914170514
20,0.7360180849840854
