event,k,s,weight
Leicester City / Ruud van Nistelrooy,-5,0.9899135585738486,0.04702949607930886
Leicester City / Ruud van Nistelrooy,-4,0.018892974272837655,0.04702949607930886
Leicester City / Ruud van Nistelrooy,-3,0.7078770748987852,0.04702949607930886
Leicester City / Ruud van Nistelrooy,-2,0.004568103877765406,0.04702949607930886
Leicester City / Ruud van Nistelrooy,-1,0.8278008565249925,0.04702949607930886
Leicester City / Ruud van Nistelrooy,1,0.37719003148636804,0.04702949607930886
Leicester City / Ruud van Nistelrooy,2,0.6057239522215472,0.04702949607930886
Leicester City / Ruud van Nistelrooy,3,1.1132865707903623,0.04702949607930886
Leicester City / Ruud van Nistelrooy,4,0.4927683533679975,0.04702949607930886
Leicester City / Ruud van Nistelrooy,5,-0.7876141986598895,0.04702949607930886
Leicester City / Ruud van Nistelrooy,6,0.8892209247958903,0.04702949607930886
Leicester City / Ruud van Nistelrooy,7,0.6457440621426004,0.04702949607930886
Leicester City / Ruud van Nistelrooy,8,0.6870248013352094,0.04702949607930886
Leicester City / Ruud van Nistelrooy,9,0.3236676991086369,0.04702949607930886
Leicester City / Ruud van Nistelrooy,10,0.25059011303311635,0.04702949607930886
Everton / Sean Dyche,-5,0.020734001479316786,0.055644181586609824
Everton / Sean Dyche,-4,0.3229012456845269,0.055644181586609824
Everton / Sean Dyche,-3,0.31010002693302646,0.055644181586609824
Everton / Sean Dyche,-2,0.07292014945748622,0.055644181586609824
Everton / Sean Dyche,-1,-0.6019445936573902,0.055644181586609824
Everton / Sean Dyche,1,1.01442487024516,0.055644181586609824
Everton / Sean Dyche,2,0.5618178237266855,0.055644181586609824
Everton / Sean Dyche,3,0.7461972160724556,0.055644181586609824
Everton / Sean Dyche,4,1.8141302251225468,0.055644181586609824
Everton / Sean Dyche,5,0.8423937278412502,0.055644181586609824
Everton / Sean Dyche,6,0.292012815094656,0.055644181586609824
Everton / Sean Dyche,7,2.1373730952819043,0.055644181586609824
Everton / Sean Dyche,8,0.8562275155012584,0.055644181586609824
Everton / Sean Dyche,9,1.4355517494077117,0.055644181586609824
Everton / Sean Dyche,10,1.8323423543471626,0.055644181586609824
Everton / David Moyes,-5,1.1269105919801388,0.052871661406091855
Everton / David Moyes,-4,1.0114956650141729,0.052871661406091855
Everton / David Moyes,-3,1.8233897330393545,0.052871661406091855
Everton / David Moyes,-2,0.9098175553658441,0.052871661406091855
Everton / David Moyes,-1,-0.2577396273976087,0.052871661406091855
Everton / David Moyes,1,0.0938641578776838,0.052871661406091855
Everton / David Moyes,2,-0.6595323466493823,0.052871661406091855
Everton / David Moyes,3,0.3634710741881934,0.052871661406091855
Everton / David Moyes,4,0.9304457513619094,0.052871661406091855
Everton / David Moyes,5,0.17919203235234893,0.052871661406091855
Everton / David Moyes,6,0.24924577775227857,0.052871661406091855
Everton / David Moyes,7,0.3012159100164979,0.052871661406091855
Everton / David Moyes,8,1.3444423301912778,0.052871661406091855
Everton / David Moyes,9,0.5898695151751929,0.052871661406091855
Everton / David Moyes,10,0.3386617079073032,0.052871661406091855
Crystal Palace / Oliver Glasner,-5,0.6839789770920505,0.025367669964972278
Crystal Palace / Oliver Glasner,-4,-0.05797168725995723,0.025367669964972278
Crystal Palace / Oliver Glasner,-3,0.6173492876288827,0.025367669964972278
Crystal Palace / Oliver Glasner,-2,-0.0775162283586161,0.025367669964972278
Crystal Palace / Oliver Glasner,-1,1.2203583575161803,0.025367669964972278
Crystal Palace / Oliver Glasner,1,0.37755847764689027,0.025367669964972278
Crystal Palace / Oliver Glasner,2,-0.48779415648144026,0.025367669964972278
Crystal Palace / Oliver Glasner,3,1.6667032365867882,0.025367669964972278
Crystal Palace / Oliver Glasner,4,0.4550875327994847,0.025367669964972278
Crystal Palace / Oliver Glasner,5,0.19234235915291853,0.025367669964972278
Crystal Palace / Oliver Glasner,6,0.3741951324532775,0.025367669964972278
Crystal Palace / Oliver Glasner,7,0.4351676318907675,0.025367669964972278
Crystal Palace / Oliver Glasner,8,1.1830336590317778,0.025367669964972278
Crystal Palace / Oliver Glasner,9,1.3789970680730284,0.025367669964972278
Crystal Palace / Oliver Glasner,10,0.9317514182624113,0.025367669964972278
Manchester United / Ruben Amorim,-5,0.4198264660318273,0.02799941323303137
Manchester United / Ruben Amorim,-4,0.9058429324136944,0.02799941323303137
Manchester United / Ruben Amorim,-3,0.6557813986697277,0.02799941323303137
Manchester United / Ruben Amorim,-2,-0.15818335123282337,0.02799941323303137
Manchester United / Ruben Amorim,-1,0.8886490128536145,0.02799941323303137
Manchester United / Ruben Amorim,1,0.8480173307042657,0.02799941323303137
Manchester United / Ruben Amorim,2,-0.5831894229631017,0.02799941323303137
Manchester United / Ruben Amorim,3,0.3583305195602583,0.02799941323303137
Manchester United / Ruben Amorim,4,1.1402383049225575,0.02799941323303137
Manchester United / Ruben Amorim,5,-0.06728830675942092,0.02799941323303137
Manchester United / Ruben Amorim,6,0.6784999077567361,0.02799941323303137
Manchester United / Ruben Amorim,7,1.0146234976020752,0.02799941323303137
Manchester United / Ruben Amorim,8,1.0219071271809295,0.02799941323303137
Manchester United / Ruben Amorim,9,1.4284123046097787,0.02799941323303137
Manchester United / Ruben Amorim,10,-1.2584892727155432,0.02799941323303137
West Ham United / Graham Potter,-5,0.035084942414368846,0.041850739312358824
West Ham United / Graham Potter,-4,0.42133377566388275,0.041850739312358824
West Ham United / Graham Potter,-3,-0.2894103310632202,0.041850739312358824
West Ham United / Graham Potter,-2,0.23103999953303145,0.041850739312358824
West Ham United / Graham Potter,-1,0.06407131944496834,0.041850739312358824
West Ham United / Graham Potter,1,1.3024891377021564,0.041850739312358824
West Ham United / Graham Potter,2,1.2968992689562722,0.041850739312358824
West Ham United / Graham Potter,3,0.6225056308602254,0.041850739312358824
West Ham United / Graham Potter,4,-0.3312027807943443,0.041850739312358824
West Ham United / Graham Potter,5,0.8092158671719818,0.041850739312358824
West Ham United / Graham Potter,6,0.7123199621152391,0.041850739312358824
West Ham United / Graham Potter,7,1.738299339677438,0.041850739312358824
West Ham United / Graham Potter,8,0.8127835573461638,0.041850739312358824
West Ham United / Graham Potter,9,0.5187713253203282,0.041850739312358824
West Ham United / Graham Potter,10,1.0998002031293952,0.041850739312358824
Nottingham Forest / Nuno Espírito Santo,-5,1.6962188876694566,0.010077183569542179
Nottingham Forest / Nuno Espírito Santo,-4,2.1774516147404843,0.010077183569542179
Nottingham Forest / Nuno Espírito Santo,-3,-0.5142266434056735,0.010077183569542179
Nottingham Forest / Nuno Espírito Santo,-2,-0.6064464944452684,0.010077183569542179
Nottingham Forest / Nuno Espírito Santo,-1,0.5916054339301597,0.010077183569542179
Nottingham Forest / Nuno Espírito Santo,1,0.34396656635335215,0.010077183569542179
Nottingham Forest / Nuno Espírito Santo,2,-0.3737199845483793,0.010077183569542179
Nottingham Forest / Nuno Espírito Santo,3,0.8947571045814446,0.010077183569542179
Nottingham Forest / Nuno Espírito Santo,4,2.618942624362415,0.010077183569542179
Nottingham Forest / Nuno Espírito Santo,5,-2.527819705696922,0.010077183569542179
Nottingham Forest / Nuno Espírito Santo,6,1.6728747809372688,0.010077183569542179
Nottingham Forest / Nuno Espírito Santo,7,1.8316222607407706,0.010077183569542179
Nottingham Forest / Nuno Espírito Santo,8,1.3694440949342,0.010077183569542179
Nottingham Forest / Nuno Espírito Santo,9,0.9954929119917444,0.010077183569542179
Nottingham Forest / Nuno Espírito Santo,10,0.1300602766447998,0.010077183569542179
Wolverhampton Wanderers / Vítor Pereira,-5,0.13194053002998316,0.03011746576307071
Wolverhampton Wanderers / Vítor Pereira,-4,-0.20994134427379305,0.03011746576307071
Wolverhampton Wanderers / Vítor Pereira,-3,0.6031233645789319,0.03011746576307071
Wolverhampton Wanderers / Vítor Pereira,-2,0.7038906414812576,0.03011746576307071
Wolverhampton Wanderers / Vítor Pereira,-1,0.7530265099154911,0.03011746576307071
Wolverhampton Wanderers / Vítor Pereira,1,-0.10644680552254376,0.03011746576307071
Wolverhampton Wanderers / Vítor Pereira,2,-0.05295521178777226,0.03011746576307071
Wolverhampton Wanderers / Vítor Pereira,3,0.8049184695167882,0.03011746576307071
Wolverhampton Wanderers / Vítor Pereira,4,0.1803374442519683,0.03011746576307071
Wolverhampton Wanderers / Vítor Pereira,5,0.11017817539409316,0.03011746576307071
Wolverhampton Wanderers / Vítor Pereira,6,-0.2788520546460619,0.03011746576307071
Wolverhampton Wanderers / Vítor Pereira,7,0.08564001830797964,0.03011746576307071
Wolverhampton Wanderers / Vítor Pereira,8,-1.40372909123872,0.03011746576307071
Wolverhampton Wanderers / Vítor Pereira,9,1.436334147533214,0.03011746576307071
Wolverhampton Wanderers / Vítor Pereira,10,0.0008186274100770189,0.03011746576307071
Sheffield United / Chris Wilder,-5,0.5536201172731587,0.04357868934283973
Sheffield United / Chris Wilder,-4,-0.6787159705394218,0.04357868934283973
Sheffield United / Chris Wilder,-3,-0.44697808734256045,0.04357868934283973
Sheffield United / Chris Wilder,-2,-0.8606565205029698,0.04357868934283973
Sheffield United / Chris Wilder,-1,0.7285525440172161,0.04357868934283973
Sheffield United / Chris Wilder,1,0.990684205374052,0.04357868934283973
Sheffield United / Chris Wilder,2,-0.3877119559909236,0.04357868934283973
Sheffield United / Chris Wilder,3,0.8452447389125569,0.04357868934283973
Sheffield United / Chris Wilder,4,0.9753197991863458,0.04357868934283973
Sheffield United / Chris Wilder,5,-0.6860650660558089,0.04357868934283973
Sheffield United / Chris Wilder,6,2.916999209289886,0.04357868934283973
Sheffield United / Chris Wilder,7,-1.344418235091013,0.04357868934283973
Sheffield United / Chris Wilder,8,-0.9054460754434756,0.04357868934283973
Sheffield United / Chris Wilder,9,0.1955212132600272,0.04357868934283973
Sheffield United / Chris Wilder,10,0.8792731223575493,0.04357868934283973
Aston Villa / Unai Emery,-5,1.0542462644856472,0.045200416834713555
Aston Villa / Unai Emery,-4,0.594970562326351,0.045200416834713555
Aston Villa / Unai Emery,-3,0.08172342281775849,0.045200416834713555
Aston Villa / Unai Emery,-2,-0.2121620829611107,0.045200416834713555
Aston Villa / Unai Emery,-1,0.14083696118425162,0.045200416834713555
Aston Villa / Unai Emery,1,0.5195298844335374,0.045200416834713555
Aston Villa / Unai Emery,2,0.8620728216616214,0.045200416834713555
Aston Villa / Unai Emery,3,0.006355493482617224,0.045200416834713555
Aston Villa / Unai Emery,4,0.43504284929153275,0.045200416834713555
Aston Villa / Unai Emery,5,0.1650205198252082,0.045200416834713555
Aston Villa / Unai Emery,6,0.9448636807672143,0.045200416834713555
Aston Villa / Unai Emery,7,1.4748471901534377,0.045200416834713555
Aston Villa / Unai Emery,8,1.6251310626988926,0.045200416834713555
Aston Villa / Unai Emery,9,-0.1869719827849928,0.045200416834713555
Aston Villa / Unai Emery,10,-0.46949270866014825,0.045200416834713555
Deportivo Alavés / Eduardo Germán Coudet,-5,0.3420735968380287,0.04854843021785508
Deportivo Alavés / Eduardo Germán Coudet,-4,1.310082607458967,0.04854843021785508
Deportivo Alavés / Eduardo Germán Coudet,-3,0.824621988897437,0.04854843021785508
Deportivo Alavés / Eduardo Germán Coudet,-2,-0.7978194341663712,0.04854843021785508
Deportivo Alavés / Eduardo Germán Coudet,-1,0.7029650956743664,0.04854843021785508
Deportivo Alavés / Eduardo Germán Coudet,1,0.7553149255072128,0.04854843021785508
Deportivo Alavés / Eduardo Germán Coudet,2,1.4244966545533733,0.04854843021785508
Deportivo Alavés / Eduardo Germán Coudet,3,1.2204429307792326,0.04854843021785508
Deportivo Alavés / Eduardo Germán Coudet,4,0.8884053535588372,0.04854843021785508
Deportivo Alavés / Eduardo Germán Coudet,5,1.1864748360975639,0.04854843021785508
Deportivo Alavés / Eduardo Germán Coudet,6,0.36120541651727156,0.04854843021785508
Deportivo Alavés / Eduardo Germán Coudet,7,0.10856270869768611,0.04854843021785508
Deportivo Alavés / Eduardo Germán Coudet,8,0.587263575857173,0.04854843021785508
Deportivo Alavés / Eduardo Germán Coudet,9,-0.06611536670081089,0.04854843021785508
Deportivo Alavés / Eduardo Germán Coudet,10,1.1898691059783542,0.04854843021785508
Valencia / Rubén Baraja,-5,-0.24804765812334742,0.09789332140306091
Valencia / Rubén Baraja,-4,0.7511600407389286,0.09789332140306091
Valencia / Rubén Baraja,-3,-0.4367407218853619,0.09789332140306091
Valencia / Rubén Baraja,-2,0.2112770122447311,0.09789332140306091
Valencia / Rubén Baraja,-1,0.8325243729561227,0.09789332140306091
Valencia / Rubén Baraja,1,0.903614503154029,0.09789332140306091
Valencia / Rubén Baraja,2,1.7104543270299744,0.09789332140306091
Valencia / Rubén Baraja,3,0.7679968846616319,0.09789332140306091
Valencia / Rubén Baraja,4,0.6036443986786018,0.09789332140306091
Valencia / Rubén Baraja,5,1.3093573147679862,0.09789332140306091
Valencia / Rubén Baraja,6,-0.13915957696616238,0.09789332140306091
Valencia / Rubén Baraja,7,0.42938822460153303,0.09789332140306091
Valencia / Rubén Baraja,8,0.22212872087211533,0.09789332140306091
Valencia / Rubén Baraja,9,1.7003859177131335,0.09789332140306091
Valencia / Rubén Baraja,10,0.7405775891570414,0.09789332140306091
Valencia / Carlos Corberan,-5,-0.14305931832449145,0.044179726152661886
Valencia / Carlos Corberan,-4,-0.10198699261050562,0.044179726152661886
Valencia / Carlos Corberan,-3,0.49005815792326546,0.044179726152661886
Valencia / Carlos Corberan,-2,0.38674990092836675,0.044179726152661886
Valencia / Carlos Corberan,-1,0.17768502804394365,0.044179726152661886
Valencia / Carlos Corberan,1,0.8467944216119081,0.044179726152661886
Valencia / Carlos Corberan,2,0.8576320983745654,0.044179726152661886
Valencia / Carlos Corberan,3,-0.15190614393038876,0.044179726152661886
Valencia / Carlos Corberan,4,-0.0697243390669052,0.044179726152661886
Valencia / Carlos Corberan,5,0.9906011619359059,0.044179726152661886
Valencia / Carlos Corberan,6,0.1714708565018631,0.044179726152661886
Valencia / Carlos Corberan,7,0.6781685271910332,0.044179726152661886
Valencia / Carlos Corberan,8,-0.10476568093957274,0.044179726152661886
Valencia / Carlos Corberan,9,0.6783470792764249,0.044179726152661886
Valencia / Carlos Corberan,10,0.7684571788277887,0.044179726152661886
Celta Vigo / Carlos Carvalhal,-5,0.4331062794049933,0.03603213341814426
Celta Vigo / Carlos Carvalhal,-4,0.8676083424689294,0.03603213341814426
Celta Vigo / Carlos Carvalhal,-3,0.2416673509754196,0.03603213341814426
Celta Vigo / Carlos Carvalhal,-2,0.49642007287889517,0.03603213341814426
Celta Vigo / Carlos Carvalhal,-1,0.01589398012515968,0.03603213341814426
Celta Vigo / Carlos Carvalhal,1,-0.10627421790515283,0.03603213341814426
Celta Vigo / Carlos Carvalhal,2,0.7997302353368512,0.03603213341814426
Celta Vigo / Carlos Carvalhal,3,1.4961147495385065,0.03603213341814426
Celta Vigo / Carlos Carvalhal,4,1.4799459795142627,0.03603213341814426
Celta Vigo / Carlos Carvalhal,5,0.6553292230339626,0.03603213341814426
Celta Vigo / Carlos Carvalhal,6,0.09816598282323251,0.03603213341814426
Celta Vigo / Carlos Carvalhal,7,0.5741685758765165,0.03603213341814426
Celta Vigo / Carlos Carvalhal,8,1.2113734976642136,0.03603213341814426
Celta Vigo / Carlos Carvalhal,9,2.1510866116654435,0.03603213341814426
Celta Vigo / Carlos Carvalhal,10,1.1202614750402025,0.03603213341814426
Celta Vigo / Claudio Giráldez,-5,0.32304075356716383,0.07413148394324376
Celta Vigo / Claudio Giráldez,-4,-0.6564277901510663,0.07413148394324376
Celta Vigo / Claudio Giráldez,-3,-0.5236788365129866,0.07413148394324376
Celta Vigo / Claudio Giráldez,-2,1.6507785370807129,0.07413148394324376
Celta Vigo / Claudio Giráldez,-1,-0.29857061993020473,0.07413148394324376
Celta Vigo / Claudio Giráldez,1,1.3848103247514059,0.07413148394324376
Celta Vigo / Claudio Giráldez,2,1.300444998768788,0.07413148394324376
Celta Vigo / Claudio Giráldez,3,1.0393308225376268,0.07413148394324376
Celta Vigo / Claudio Giráldez,4,-0.11782274826409213,0.07413148394324376
Celta Vigo / Claudio Giráldez,5,1.2758249994176303,0.07413148394324376
Celta Vigo / Claudio Giráldez,6,1.0878386528057808,0.07413148394324376
Celta Vigo / Claudio Giráldez,7,-0.032806096266067855,0.07413148394324376
Celta Vigo / Claudio Giráldez,8,0.5284175349892002,0.07413148394324376
Celta Vigo / Claudio Giráldez,9,0.9360804374355749,0.07413148394324376
Celta Vigo / Claudio Giráldez,10,1.1649907149041612,0.07413148394324376
Sevilla / José Luis Mendilibar,-5,0.5694188286687689,0.09209712809237222
Sevilla / José Luis Mendilibar,-4,0.32749460534774505,0.09209712809237222
Sevilla / José Luis Mendilibar,-3,-0.469442051093262,0.09209712809237222
Sevilla / José Luis Mendilibar,-2,0.8810768953156192,0.09209712809237222
Sevilla / José Luis Mendilibar,-1,-0.3214887409804792,0.09209712809237222
Sevilla / José Luis Mendilibar,1,1.1339700674813549,0.09209712809237222
Sevilla / José Luis Mendilibar,2,0.8816879470838858,0.09209712809237222
Sevilla / José Luis Mendilibar,3,0.9456446111366689,0.09209712809237222
Sevilla / José Luis Mendilibar,4,1.2150163630866124,0.09209712809237222
Sevilla / José Luis Mendilibar,5,1.0036853094597102,0.09209712809237222
Sevilla / José Luis Mendilibar,6,1.2001484462197054,0.09209712809237222
Sevilla / José Luis Mendilibar,7,0.9307045842514559,0.09209712809237222
Sevilla / José Luis Mendilibar,8,1.0752240768376136,0.09209712809237222
Sevilla / José Luis Mendilibar,9,0.7163292792078368,0.09209712809237222
Sevilla / José Luis Mendilibar,10,1.0200551501540902,0.09209712809237222
Getafe / Pepe Bordalás,-5,0.47555845211514736,0.04596373936725398
Getafe / Pepe Bordalás,-4,0.34875723814186177,0.04596373936725398
Getafe / Pepe Bordalás,-3,0.5076497958371354,0.04596373936725398
Getafe / Pepe Bordalás,-2,0.3961553398703465,0.04596373936725398
Getafe / Pepe Bordalás,-1,1.1114191630874715,0.04596373936725398
Getafe / Pepe Bordalás,1,1.549598363704978,0.04596373936725398
Getafe / Pepe Bordalás,2,1.2305157860832343,0.04596373936725398
Getafe / Pepe Bordalás,3,-0.5674230353871346,0.04596373936725398
Getafe / Pepe Bordalás,4,1.1109230592120225,0.04596373936725398
Getafe / Pepe Bordalás,5,0.22353613403414116,0.04596373936725398
Getafe / Pepe Bordalás,6,1.6634379579613756,0.04596373936725398
Getafe / Pepe Bordalás,7,-0.08991681725548785,0.04596373936725398
Getafe / Pepe Bordalás,8,-1.1214123813409265,0.04596373936725398
Getafe / Pepe Bordalás,9,0.8746436107806338,0.04596373936725398
Getafe / Pepe Bordalás,10,-0.18637402472291212,0.04596373936725398
Villarreal / Quique Setién,-5,0.12097165421425528,0.06617432658913693
Villarreal / Quique Setién,-4,-0.05731361884752686,0.06617432658913693
Villarreal / Quique Setién,-3,0.29124233704701935,0.06617432658913693
Villarreal / Quique Setién,-2,-0.5655063068110188,0.06617432658913693
Villarreal / Quique Setién,-1,0.2274245912257965,0.06617432658913693
Villarreal / Quique Setién,1,0.8531023693027162,0.06617432658913693
Villarreal / Quique Setién,2,0.06930082601969895,0.06617432658913693
Villarreal / Quique Setién,3,0.015877468961938753,0.06617432658913693
Villarreal / Quique Setién,4,0.19207705585867565,0.06617432658913693
Villarreal / Quique Setién,5,0.4774883218041753,0.06617432658913693
Villarreal / Quique Setién,6,0.4331020462927795,0.06617432658913693
Villarreal / Quique Setién,7,1.8758666843468,0.06617432658913693
Villarreal / Quique Setién,8,0.8054761030804293,0.06617432658913693
Villarreal / Quique Setién,9,1.8654487716288093,0.06617432658913693
Villarreal / Quique Setién,10,0.7779114671649275,0.06617432658913693
Rayo Vallecano / Iñigo Pérez,-5,1.2204997638583366,0.011695936380690216
Rayo Vallecano / Iñigo Pérez,-4,-1.4379525360331695,0.011695936380690216
Rayo Vallecano / Iñigo Pérez,-3,0.9746889369644355,0.011695936380690216
Rayo Vallecano / Iñigo Pérez,-2,3.7435754759791235,0.011695936380690216
Rayo Vallecano / Iñigo Pérez,-1,-0.627252766185734,0.011695936380690216
Rayo Vallecano / Iñigo Pérez,1,0.02696976601387774,0.011695936380690216
Rayo Vallecano / Iñigo Pérez,2,-0.25037465785877183,0.011695936380690216
Rayo Vallecano / Iñigo Pérez,3,2.051638186049796,0.011695936380690216
Rayo Vallecano / Iñigo Pérez,4,2.08376988000345,0.011695936380690216
Rayo Vallecano / Iñigo Pérez,5,-0.6865116111292499,0.011695936380690216
Rayo Vallecano / Iñigo Pérez,6,-0.2132745628591985,0.011695936380690216
Rayo Vallecano / Iñigo Pérez,7,2.438684470048858,0.011695936380690216
Rayo Vallecano / Iñigo Pérez,8,1.258772933984595,0.011695936380690216
Rayo Vallecano / Iñigo Pérez,9,2.0782234302600857,0.011695936380690216
Rayo Vallecano / Iñigo Pérez,10,3.8264936185110976,0.011695936380690216
Cádiz / Mauricio Pellegrino,-5,0.12032816752527034,0.07992391114797653
Cádiz / Mauricio Pellegrino,-4,-0.09795103864202671,0.07992391114797653
Cádiz / Mauricio Pellegrino,-3,0.007285081753156142,0.07992391114797653
Cádiz / Mauricio Pellegrino,-2,0.5695316930684502,0.07992391114797653
Cádiz / Mauricio Pellegrino,-1,0.7634561620330023,0.07992391114797653
Cádiz / Mauricio Pellegrino,1,0.5888374959492374,0.07992391114797653
Cádiz / Mauricio Pellegrino,2,-0.36682266126348184,0.07992391114797653
Cádiz / Mauricio Pellegrino,3,1.7555244083057844,0.07992391114797653
Cádiz / Mauricio Pellegrino,4,0.41706741101729194,0.07992391114797653
Cádiz / Mauricio Pellegrino,5,0.43645588742435165,0.07992391114797653
Cádiz / Mauricio Pellegrino,6,0.2032171795894141,0.07992391114797653
Cádiz / Mauricio Pellegrino,7,0.3436750647015579,0.07992391114797653
Cádiz / Mauricio Pellegrino,8,0.3338145872342052,0.07992391114797653
Cádiz / Mauricio Pellegrino,9,0.5602795404311005,0.07992391114797653
Cádiz / Mauricio Pellegrino,10,1.0509402282430986,0.07992391114797653
Real Valladolid / Paulo Pezzolano,-5,-0.18909697638543776,0.023622946195064845
Real Valladolid / Paulo Pezzolano,-4,0.6599569283445749,0.023622946195064845
Real Valladolid / Paulo Pezzolano,-3,-0.3454915222067452,0.023622946195064845
Real Valladolid / Paulo Pezzolano,-2,-0.11119170802068841,0.023622946195064845
Real Valladolid / Paulo Pezzolano,-1,0.313472751965548,0.023622946195064845
Real Valladolid / Paulo Pezzolano,1,-0.046285066497587235,0.023622946195064845
Real Valladolid / Paulo Pezzolano,2,0.5290801548999908,0.023622946195064845
Real Valladolid / Paulo Pezzolano,3,-0.39160131238043744,0.023622946195064845
Real Valladolid / Paulo Pezzolano,4,-1.452417277190296,0.023622946195064845
Real Valladolid / Paulo Pezzolano,5,0.56041523006957,0.023622946195064845
Real Valladolid / Paulo Pezzolano,6,0.01529876090714257,0.023622946195064845
Real Valladolid / Paulo Pezzolano,7,0.31984880251594744,0.023622946195064845
Real Valladolid / Paulo Pezzolano,8,0.58247743848171,0.023622946195064845
Real Valladolid / Paulo Pezzolano,9,2.054158249883893,0.023622946195064845
Real Valladolid / Paulo Pezzolano,10,0.19119092306533983,0.023622946195064845
