PRE,MINBASE,NEWMIN,TARG,n_events,jump
3,5,15,10,25,0.5636089569799491
3,5,15,11,25,0.5485546433375499
3,5,20,10,21,0.6340252346651238
3,5,20,11,21,0.6062288283533581
3,8,15,10,21,0.5651080254447566
3,8,15,11,21,0.5465142248988902
3,8,20,10,18,0.6620021966444127
3,8,20,11,18,0.6314886995802985
3,10,15,10,17,0.575307172975202
3,10,15,11,17,0.5467741056119305
3,10,20,10,14,0.7035028018211971
3,10,20,11,14,0.6569911998307124
5,5,15,10,21,0.48974196617663035
5,5,15,11,21,0.5007601255676077
5,5,20,10,18,0.5544837327981746
5,5,20,11,18,0.5391746992661468
5,8,15,10,17,0.5584966080893901
5,8,15,11,17,0.5600626365302868
5,8,20,10,14,0.6622227207086273
5,8,20,11,14,0.6271262488492887
5,10,15,10,16,0.5257248327675219
5,10,15,11,16,0.5235502548230728
5,10,20,10,13,0.6274023458196457
5,10,20,11,13,0.5825290927672
7,5,15,10,19,0.4902752838760339
7,5,15,11,19,0.5071425816879462
7,5,20,10,16,0.5245452678548754
7,5,20,11,16,0.5144211591136829
7,8,15,10,16,0.5275734800721623
7,8,15,11,16,0.5324051118262928
7,8,20,10,13,0.5806415849578761
7,8,20,11,13,0.5483998134392716
7,10,15,10,16,0.5275734800721623
7,10,15,11,16,0.5324051118262928
7,10,20,10,13,0.5806415849578761
7,10,20,11,13,0.5483998134392716
